{
  "phonymane": {
    "title": "PHONYMANE",
    "path": "/wiki/phonymane",
    "content": "# PHONYMANE\n\nPHONYMANE [foʊniˈmeɪn] is a French music producer and DJ, known for his contributions to the phonk and rally house genres. Born in 2007, he began his musical journey in 2020 and has since become a prominent figure in the underground electronic music scene.\n\n## Early Life and Career\n\nPHONYMANE started producing music at the age of 13, initially experimenting with various electronic music genres. His early influences included car culture, racing games, and electronic music producers like PXRKX, prod.dtm, and Dr Gabba. By 2021, he had developed his signature sound, which combines elements of phonk, deep house, and UK garage.\n\n## Musical Style and Influences\n\nPHONYMANE's music is characterized by its unique blend of:\n\n- Heavy bass-driven phonk elements\n- Racing-inspired sound design\n- Deep house rhythms\n- Jersey club influences\n- Atmospheric synthwave elements\n\nHis production style often incorporates:\n\n1. Hard-hitting 808s\n2. Complex drum patterns\n3. Atmospheric pads\n4. Racing car samples\n5. Vintage synthesizer sounds\n\n## Notable Releases\n\n### Singles\n- \"PROJECT RALLY\" (2023)\n- \"ON FIRE\" feat. ZYNYX (2023)\n- \"SHIZUKA\" (2024)\n\n### Collaborations\n- \"Group A\" with ANGXL\n- \"FORD ESCORT\" with DXCD77\n- \"Nostalgic Feeling\" with gabriawll",
    "infobox": {
      "image": "https://i.ibb.co/C2vkHt0/Frame-135.png",
      "caption": "PHONYMANE official press photo",
      "details": [
        { "label": "Born", "value": "2007" },
        { "label": "Origin", "value": "Paris, France" },
        { "label": "Genres", "value": "Phonk, Rally House, Deep House" },
        { "label": "Years active", "value": "2020–present" },
        { "label": "Labels", "value": "Independent" }
      ]
    }
  },
  "rallyHouse": {
    "title": "Rally House",
    "path": "/wiki/rally-house",
    "content": "# Rally House\n\nRally House (also known as Rally Phonk or Racing House) is an electronic music subgenre that emerged in the early 2020s, combining elements of phonk, house music, and motorsport culture.\n\n## Origins and Development\n\nRally House emerged from the intersection of:\n- Traditional phonk music\n- European house music\n- Motorsport culture and racing games\n- Car enthusiast communities\n\nThe genre was pioneered by producers like PHONYMANE, who began incorporating racing-inspired elements into their music around 2023.\n\n## Musical Characteristics\n\n### Key Elements\n- Heavy, distorted 808 bass lines\n- Racing car engine samples\n- Hard-hitting house drums\n- Atmospheric synthesizer pads\n- High-energy percussion\n\n### Tempo and Structure\n- Typically ranges from 128-135 BPM\n- House music song structure\n- Extended build-ups and drops\n- Racing-themed sound effects\n\n## Cultural Impact\n\nRally House has gained significant traction in:\n- Car enthusiast communities\n- Racing game soundtracks\n- Underground electronic music scenes\n- Social media platforms (particularly TikTok)\n\n## Notable Artists\n\n### Pioneers\n- PHONYMANE (France)\n- ZYNYX\n- DXCD77\n\n### Notable Releases\n1. \"PROJECT RALLY\" by PHONYMANE\n2. \"FORD ESCORT\" by PHONYMANE & DXCD77\n3. \"Group A\" by ANGXL & PHONYMANE\n\n## Influence on Modern Music\n\nThe genre has influenced:\n- Contemporary phonk production\n- Racing game soundtracks\n- European club music\n- Social media music trends\n\n## Future Development\n\nRally House continues to evolve with:\n- New production techniques\n- Cross-genre collaborations\n- Growing international recognition\n- Integration with gaming culture",
    "infobox": {
      "image": "https://placehold.co/400x300",
      "caption": "Visual representation of Rally House music elements",
      "details": [
        { "label": "Stylistic origins", "value": "Phonk, House music, Drift phonk" },
        { "label": "Cultural origins", "value": "Early 2020s, Europe" },
        { "label": "Typical instruments", "value": "Digital audio workstation, Synthesizers, Samplers" },
        { "label": "Derivative forms", "value": "None yet (emerging genre)" },
        { "label": "Subgenres", "value": "None established" }
      ]
    }
  }
}